<?xml version="1.0" encoding="utf-8" standalone="no"?>
<problem revision="2" short-name="ag-dust" url="https://polygon.codeforces.com/p0wLoK1/Wasrek/ag-dust">
        
    <judging cpu-name="Intel(R) Core(TM) i3-8100 CPU @ 3.60GHz" cpu-speed="3600" input-file="" output-file="">
                
        <testset name="tests">
                        
            <time-limit>1000</time-limit>
                        
            <memory-limit>268435456</memory-limit>
                        
            <test-count>10</test-count>
                        
            <input-path-pattern>tests/%02d</input-path-pattern>
                        
            <answer-path-pattern>tests/%02d.a</answer-path-pattern>
                        
            <tests>
                                
                <test cmd="gen 5 200000 1" method="generated"/>
                                
                <test cmd="gen 5 200000 2" method="generated"/>
                                
                <test cmd="gen 5 200000 3" method="generated"/>
                                
                <test cmd="gen 5 200000 4" method="generated"/>
                                
                <test cmd="gen 5 200000 5" method="generated"/>
                                
                <test cmd="gen 5 200000 6" method="generated"/>
                                
                <test cmd="gen 5 200000 7" method="generated"/>
                                
                <test cmd="gen 5 200000 8" method="generated"/>
                                
                <test cmd="gen 5 200000 9" method="generated"/>
                                
                <test cmd="gen 5 200000 10" method="generated"/>
                            
            </tests>
                    
        </testset>
            
    </judging>
        
    <files>
                
        <resources>
                        
            <file path="files/olymp.sty"/>
                        
            <file path="files/problem.tex"/>
                        
            <file path="files/statements.ftl"/>
                        
            <file path="files/testlib.h" type="h.g++"/>
                    
        </resources>
                
        <executables>
                        
            <executable>
                                
                <source path="files/gen.cpp" type="cpp.g++17"/>
                                
                <binary path="files/gen.exe" type="exe.win32"/>
                            
            </executable>
                    
        </executables>
            
    </files>
        
    <assets>
                
        <checker name="std::wcmp.cpp" type="testlib">
                        
            <source path="files/check.cpp" type="cpp.g++17"/>
                        
            <binary path="check.exe" type="exe.win32"/>
                        
            <copy path="check.cpp"/>
                        
            <testset>
                                
                <test-count>0</test-count>
                                
                <input-path-pattern>files/tests/checker-tests/%02d</input-path-pattern>
                                
                <output-path-pattern>files/tests/checker-tests/%02d.o</output-path-pattern>
                                
                <answer-path-pattern>files/tests/checker-tests/%02d.a</answer-path-pattern>
                                
                <tests/>
                            
            </testset>
                    
        </checker>
                
        <solutions>
                        
            <solution tag="main">
                                
                <source path="solutions/AG_Dust.cpp" type="cpp.g++17"/>
                                
                <binary path="solutions/AG_Dust.exe" type="exe.win32"/>
                            
            </solution>
                    
        </solutions>
            
    </assets>
        
    <properties>
                
        <property name="tests-wellformed" value="true"/>
            
    </properties>
        
    <stresses>
                
        <stress-count>0</stress-count>
                
        <stress-path-pattern>stresses/%03d</stress-path-pattern>
                
        <list/>
            
    </stresses>
    
</problem>
